Category,ID,Book_Title,Author
General,A1,A Jigsaw Jones Mystery #6: The Case of the Mummy Mystery ,Jame Preller
General,A2,A Light Inside,Jennie Suk
General,A3,A Shooting Star,Sheila Solomon Klass
General,A4,A Single Shard ,Linda Sue Park
General,A5,A Tale of Two Pretties ,Lisi Harrison
General,A6,A thousand Splendid Suns ,Khaled Hosseini
General,A7,A Walk to Remember ,Nicholas Sparks
General,A8,A Week in the Woods ,Andrew Clements
General,A9,Abel's Island ,William Stegic
General,A10,About a Boy ,Nick Hornby 
General,A11,Adultery ,Paulo Coelho
General,A12,Aesop's Fables ,Jaxk Zipes
General,A13,After the Funeral ,Agatha Christie
General,A14,Alice-Miranda at Sea : Book 4 ,Jacqueline Harvey
General,A15,Amazing Magnetism ,Rebecca Carmi 지음
General,A16,Amber Brown Goes Fourth ,Paula Danziger
General,A17,American Sniper : The Autobiography of the Most Lethal Sniper in U.S. Military History ,Chris Kyle
General,A18,An Acquaintance with Darkness ,Ann Rinaldi
General,A19,And Then There Were None ,Agatha Christie
General,A20,Andersen's Fairy Tales ,Signet Classics 
General,A21,Angels Watching over Me,Lurlene McDaniel
General,A22,"Angus, Thongs and Full-Frontal Snogging ",Georgia Nicolson
General,A23,Animal Farm,George Orwell
General,A24,Anne's House of Dreams,L. M. Montgomery
General,A25,Archer's Quest ,Linda Sue Park
General,A26,Artemis Fowl: the Arctic Incident ,Eoin Colfer
General,A27,As Long As There Are Mountains,Natalie Kinsey-Warnock
General,B1,Baby Proof ,Emily Giffin
General,B2,Banker to the Poor: Micro-Lending and the Battle Against World Poverty ,Muhammad Yunus
General,B3,Beautiful Days ,Anna Godbersen
General,B4,Because of Winn-Dixie ,kate Dicamilo
General,B5,Become a Better You ,Joel Osteen
General,B6,Beezus and Ramona ,Beverly Cleary
General,B7,Belle Prater's Boy,Ruth White
General,B8,Beowulf,Burton Raffel
General,B9,Big Little Lies ,Liane Moriarty
General,B10,Big Nate: In the Zone ,Lincoln Peirce
General,B11,"Black Star, Bright Dawn ",Scott O'Dell 
General,B12,Blast to the Past : Sacagawea's Strength,Stacia Deutsch & Rhody Cohon
General,B13,Blast to the Past : Washington's War,Stacia Deutsch & Rhody Cohon
General,B14,Blood Forever ,Mari Mancusi
General,B15,Born at Midnight ,C.C. Hunter
General,B16,Brida ,Paulo Coelho
General,B17,Bridge to Terabithia ,Katehrine Paterson
General,B18,Bridget Jones's Diary ,Helen Fielding
General,B19,Burned ,Sara Shepard
General,C1,Cam Jansen and the Green School Mystery ,David A. Adler
General,C2,Can You Keep a Secret? ,Sophie Kinsella
General,C3,Captain Cook ,David Cuzik
General,C4,Cards on the Table ,Agatha Christie
General,C5,Catalyst ,Laurie Halse Anderson
General,C6,"Catherine, Called Birdy ",Karen Cushman
General,C7,Charles and Emma ,Deborah Heiligman
General,C8,Charlie And The Chocolate Factory ,Roald Dahl
General,C9,Charlie and the Great Glass Elevator ,Roald Dahl
General,C10,Charlie Bone and the Hidden King ,"Nimmo, Jenny"
General,C11,Charlotte's Web,E.B. White
General,C12,Chasing Tomorrow ,Sidney Sheldon
General,C13,Chicken Soup for the Teenage Soul ,Jack Canfield
General,C14,Chomp ,Carl Hiaasen
General,C15,Cirque Du Freak,Darren Shan
General,C16,City of Heavenly Fire ,Cassandra Clare
General,C17,Crimson Peak : The Official Movie Novelization ,Nancy Holder
General,C18,Criss Cross ,Lynne Rae Perkins
General,C19,Crush-Tastic! ,Beth Beechwood
General,C20,CSI : Miami,Donn Cortez
General,D1,Danny the Champion of the World ,Roald Dahl
General,D2,Dark Places,Gillian Flynn
General,D3,Darker Still ,Leanna Renee Hieber
General,D4,Dave at Night ,Gail Carson Levine
General,D5,Dead End in Norvelt ,Jack Gantos
General,D6,Dead Poets Society,Robin Williams
General,D7,Dear John ,Nicholas Sparks
General,D8,Deception,Grace Carendish
General,D9,Deenie ,Judy Blume
General,D10,Dewey ,Vicki Myron
General,D11,Dial-A-Ghost ,"Ibbotson, Eva"
General,D12,Do Androids Dream of Electric Sheep?,Philip K. Dick
General,D13,Dogs Don't Tell Jokes ,Louis Sachar
General,D14,Dr. Jekyll and Mr. Hyde ,Signet Classics 
General,E1,Eat Pray Love,Elizabeth Gilbert
General,E2,Eli the Good ,Silas House
General,E3,Elijah of Buxton ,Christopher Paul Curtis 
General,E4,Ella Enchanted ,Gail Carson Levine 
General,E5,Ender's Game,Orson Scott Card
General,E6,Ereth's Birthday ,Avi 
General,E7,Ever ,"Levine, Gail Carson"
General,E8,Evermore,"Noel, Alyson"
General,E9,"Everything, Everything ",Nicola Yoon
General,F1,50 Famous Stories,James Baldwin 
General,F2,Far Far Away ,Tom Mcneal
General,F3,Far from the Madding Crowd ,Thomas Hardy
General,F4,Fates and Furies ,Lauren groff
General,F5,Feeling Good Together : The Secret to Making Troubled Relationships Work ,David D. Burns
General,F6,Fever 1793 ,Laurie Halse Anderson
General,F7,Five Children and It ,"Nesbit, Edith"
General,F8,Fly by Night ,"Hardinge, Frances"
General,F9,Focus : The Hidden Driver of Excellence ,Daniel Goleman
General,F10,Forever in Blue ,Ann Brashares
General,F11,Freaky Friday ,Mary Rodgers 지음
General,F12,From the Mixed-Up Files of Mrs. Basil E. Frankweiler,"Konigsburg, E. L. 지음"
General,F13,Frozen: The Junior Novelization ,RH Disney
General,F14,Funniest Stories ,"Jennings, Paul"
General,G1,George's Marvelous Medicine ,Roald Dahl
General,G2,Getting Near to Baby ,Audrey Couloumbis
General,G3,Gooney Bird Greene ,Lois Lowry
General,G4,Goosebumps,R. L. Stine
General,G5,Gregor and the Marks of Secret,Suzanne Collions
General,G6,Grimms' Fairy Tales ,Grimm Brothers
General,G7,Grit : The Power of Passion and Perseverance ,Angela Duckworth
General,G8,"Guardians of Gahoole, Book 8 : The Outcast",Kathryn Lasky
General,H1,HABIBI ,Naomi Shihal Nye
General,H2,Hachiko Waits ,Leslea Newman
General,H3,"Hank Zipzer #11 : The Curtain Went Up, My Pants Fell Down",Herny Winker
General,H4,Hatchet ,Gary Paulsen
General,H5,Have a Little Faith: A True Story ,Mitch Albom
General,H6,Heaven Is for Real: A Little Boy's Astounding Story of His Trip to Heaven and Back ,Todd Burpo
General,H7,HELEN KELLER : The Story of My Life ,Marlee Matlin
General,H8,Holes,Louis Sachar
General,H9,Homer Price ,Robert Mccloskey 지음
General,H10,Hoot ,Carl Hiaasen 지음
General,H11,Hope Was Here ,Joan Bauer
General,H12,House of Cards ,Mighael Dobbs
General,H13,How to Live Forever ,"Thompson, Colin"
General,H14,How to Seize a Dragon's Jewel ,"Cowell, Cressida"
General,H15,How to Steal a Dog,Barbara O'Connor
General,H16,How to Talk So Teens Will Listen and Listen So Teens Will Talk ,"Faber, Adele"
General,H17,How to Win Friends and Influence People ,Dale Carnegie
General,H18,Howl's Moving Castle,Diana Wynne Jones
General,H19,HRC : State Secrets and the Rebirth of Hillary Clinton,Joanathan Allen and Amie Parnes
General,I1,If I Stay ,Gayle Forman
General,I2,"If You Want to Walk on Water, You've Got to Get Out of the Boat ",John Ortberg
General,I3,1984,George Orwell
General,I4,Independence Day : Resurgence ,Alex Irvine
General,I5,Indiana Jones and the Kingdom of the Crystal Skull ,James Luceno 
General,I6,Interstellar ,Jonathan Nolan and Christopher Nolan
General,I7,Into the Land of the Unicorns ,"Coville, Bruce"
General,J1,Joey Pigza Loses Control ,Jack Gantos 
General,J2,Judy Moody #4 : Predicts The Future ,"McDonald, Megan"
General,J3,Julie,Jean Craighead George
General,J4,Juliet the Valentine Fairy ,"Meadows, Daisy"
General,J5,Junebug ,Alice Mead
General,J6,Justice,Tim Vicary
General,K1,Kinfolk ,"Various, Authors"
General,K2,King of Shadows ,Susan Cooper 
General,K3,Kingsman : The Secret Service,Mark Millar
General,K4,Kylie the Carnival Fairy ,"Meadows, Daisy "
General,L1,Ladder of Years ,"Tyler, Anne"
General,L2,"Lean In : Women, Work, and the Will to Lead ",Sheryl Sandberg
General,L3,Leonardo da Vinci ,Karen Ball
General,L4,Les Miserables ,Victor Hugo
General,L5,Letters to Lily,Alan Macfarlane
General,L6,Life of Pi ,Yann Martel
General,L7,Look Me in the Eyes,John Elder Robison
General,L8,Lord of the Flies ,William Golding
General,L9,Love Story,Erich Segal
General,M1,Magic Thief Series #2 : Lost,Sarah Prineas
General,M2,Man of Steel: The Early Years: Junior Novel ,"Cox, Greg"
General,M3,Marked ,"Cast, P. C."
General,M4,Marley & Me: Life and Love with the World's Worst Dog ,John Grogan 
General,M5,Martin the Warrior,Brian Jacques
General,M6,Marvin Redpost #1: Kidnapped at Birth? ,Loiuis Sachar
General,M7,"Men are from Mars, Women are from Venus : The Classic Guide to Understanding the Opposite Sex ",John Gray
General,M8,Midnight Magic ,Avi 
General,M9,90 Minutes in Heaven: A True Story of Death & Life ,Don Piper and Cecil B. Murphey
General,M10,Miss Peregrine's Home for Peculiar Children ,Ransom Riggs
General,M11,Mosquitoland ,David Arnold
General,M12,Mr. Popper's Penguins ,"Atwater, Richard"
General,M13,My Freshman Year: What a Professor Learned by Becoming a Student ,Rebekah Nathan
General,M14,My Side of the Mountain ,Jean Carighead
General,N1,Nanny McPhee: The Collected Tales of Nurse Matilda ,Christianna Brand
General,N2,Night of the Living Dummy ,"Stine, R. L."
General,N3,Number the Stars,Lois Lowry
General,N4,Number the Stars ,Lois Lowry
General,O1,Olive's Ocean ,Kevin Henkes
General,O2,On My Honor ,"Bauer, Marion Dane"
General,O3,Or Give Me Death ,Ann Rinaldi
General,O4,Outliers,Malcolm Gladwell
General,P1,Paperboy ,Vince Vawter
General,P2,Petey ,"Mikaelsen, Ben"
General,P3,Pilgrims: A Nonfiction Companion to Magic Tree House #27: Thanksgiving on Thursday ,Mary Pope Osborne
General,P4,Pinocchio ,Carlo Collodi
General,P5,Pirates Past Noon ,Mary Pope Osborne
General,P6,Princess Academy ,Shannon Hale 지음
General,P7,Princess Alice and the Crystal Slipper ,"French, Vivian"
General,P8,Prom Nights from Hell ,Stephenie Meyer 
General,P9,"PS, I Love You ",Cecelia Ahern
General,P10,Pygmalion ,Bernard Shaw
General,R1,Ragweed ,Avi
General,R2,Reckless,Cornelia Funke
General,R3,Redwall,Brian Jacques
General,R4,Remember Me? ,Sophie Kinsella
General,R5,Replay,Sharon Creech
General,R6,Revival ,Stephen King 
General,R7,Reviving Ophelia,"Mary Pipher, Ph.D."
General,R8,Rework ,Jason Fried
General,R9,River Boy ,Tim Bowler
General,R10,Room ,Emma DonoGhue
General,S1,Salamandastron,Brian Jacques
General,S2,Sapiens : A Brief History of Humankind ,Yuval Noah Harari
General,S3,"Sarah, Plain and Tall ",Patricia Maclachlan
General,S4,Saving Faith ,David Baldacci
General,S5,"Say Goodnight, Gracie ",Julie Reece Deaver
General,S6,Scary Stories 3: More Tales to Chill Your Bones ,"Schwartz, Alvin"
General,S7,Second Life ,S. J. Watson 
General,S8,Seeker ,Dayton
General,S9,Seven Habits of Highly Effective People,Stephen R.covey
General,S10,Sex and the City,Candace Bushnell
General,S11,She Is Not Invisible ,Marcus Sedgwick
General,S12,She Said Yes,Misty Bernall
General,S13,Sherlock Holmes,Sir Arthur Conan Doyle
General,S14,Ship Breaker ,Paolo Bacigalupi
General,S15,Shrek 2 ,Jesse Leon McCann 
General,S16,Shrek the Third ,Kathleen Weidner Zoehfeld 
General,S17,Sleepover Sleuths ,Carolyn Keene
General,S18,Snow Crash ,Neal Stephenson
General,S19,Something Blue ,Emily Giffin
General,S20,"Something Old, Something New",Canby Hall
General,S21,Speak ,Anderson
General,S22,Spirit Walker ,"Paver, Michelle"
General,S23,Sputnik Sweetheart ,Haruki Murakami
General,S24,Steve Jobs : A Biography ,Walter Isaacson
General,S25,50 Successful Harvard Application Essays,Harvard Crimson 
General,S26,Suddenly Supernatural #2 : Scaredy Kat,Elizabeth Cody Kimmel
General,S27,Superfudge ,Judy Blume
General,S28,Surviving the applewhites,Stephanie S. Tolan
General,S29,Suzanne's Diary for Nicholas,James Patterson
General,S30,"Sweet Whispers, Brother Rush",Virginia Hamilton
General,T1,Tales of a Fourth Grade Nothing ,Judy Blume
General,T2,Tales of Ancient Egypt ,"Green, Roger Lancelyn"
General,T3,Tales of the Greek Heroes,Rodger Lancelyn Green
General,T4,Teen Love on Relationships,Kimberly Kirberger
General,T5,The 100-year-old Man Who Climbed Out the Window and Disappeared ,Jonas Jonasson
General,T6,The 6th Grade Nickname Game ,"Korman, Gordon"
General,T7,The ABC Murders ,Agatha Christie
General,T8,The Absent Author ,Ron Roy
General,T9,The Absolutely True Diary of a Part-Time Indian ,Sherman Alexie
General,T10,The Adoration of Jenna Fox ,Mary E. Pearson
General,T11,The Alchemist,Oaulo Coelho
General,T12,The Alley ,Eleanor Estes
General,T13,The Anatomy of Hope: How People Prevail in the Face of Illness ,Herome Groopman
General,T14,The Appeal ,John Grisham
General,T15,"The Art of Explanation: Making Your Ideas, Products, and Services Easier to Understand ",Lee Lefever
General,T16,The Art of Loving ,Erich Fromm
General,T17,The Art of Mingling: Proven Techniques for Mastering Any Room ,"Martinet, Jeanne"
General,T18,The Art of Travel,Alain De Botton
General,T19,The Associate ,Jofn Grisham
General,T20,The Audacity of Hope: Thoughts on Reclaiming the American Dream ,Barack Obama
General,T21,The Bazaar of Bad Dreams : Stories ,Stephen King 
General,T22,The Best American Essay,Ariel Levy
General,T23,The Best of Me ,Nicholas Sparks
General,T24,The Black Cauldron ,Lloyd Alexander
General,T25,The Black Stallion Legend,Walter Farley
General,T26,The Blind Side: Evolution of a Game ,"Lewis, Michael"
General,T27,The Body of Christopher Creed ,"Plum-Ucci, Carol"
General,T28,The Borrowers Afloat,"Norton, Mary"
General,T29,The Boy Who Lost His Face ,"Sachar, Louis"
General,T30,The Brethren ,"Grisham, John"
General,T31,The Bronze Bow ,"Speare, Elizabeth George "
General,T32,The Capture ,Kathryn Lasky
General,T33,The Case of the Case of Mistaken Identity ,Mac Barnett
General,T34,The Catcher in the Rye ,J.D.Salinger
General,T35,The City of Ember ,Jeanne DuPrau
General,T36,The Client ,John Grisham
General,T37,The Compound ,S.A. Bodeen
General,T38,"The Count of Monte Cristo (Mass Market Paperback, 축약본)",Signet Classics 
General,T39,The Cricket in Times Square ,George Selden
General,T40,The Curious Incident of the Dog in the Night-Time ,Mark Haddon
General,T41,The Da Vinci Code ,Dan Brown
General,T42,The Dark-Thirty: Southern Tales of the Supernatural ,Patricia C. Mckissack
General,T43,The Devil Wears Prada ,Lauren Weisberger
General,T44,The Disreputable History of Frankie Landau-Banks ,"Lockhart, E."
General,T45,The Doll People ,"Martin, Ann M."
General,T46,The Door in the Wall ,Marquerite De Angeli 
General,T47,The Door to Time ,Iacopo Bruno
General,T48,The Dreamer ,"Ryan, Pam Munoz"
General,T49,"The Ear, the Eye, and the Arm ",Nancy Farmer
General,T50,The Egypt Game ,"Snyder, Zilpha Keatley"
General,T51,The Emerald Atlas ,John Stephens
General,T52,The Enchanted Castle ,E.Nesbit
General,T53,The Fault In Our Stars ,John Green
General,T54,The Fire Within ,Chris D'Lacey
General,T55,The First Collier,Kathryn Lasky
General,T56,The Five People You Meet in Heaven,Mitch Albom
General,T57,The Friday Night Knitting Club ,"Jacobs, Kate "
General,T58,The Game of Sunken Places ,M. T. Anderson
General,T59,The Girl on the Train ,Paula Hawkins
General,T60,The Girl With All the Gifts ,M.R. Carey
General,T61,The Giver ,Lois Lowry
General,T62,The Gladiators from Capua ,"Lawrence, Caroline"
General,T63,The Gold in the Grave ,"Deary, Terry"
General,T64,The Golden Goblet ,Eloise Jarvis Mcgraw
General,T65,The Great Gatsby,F.Scott Fitzgerald
General,T66,The Grownup,Gillian Flynn
General,T67,The Happiness of Pursuit : Find the Quest That Will Bring Purpose to Your Life ,Chris Guillebeau
General,T68,The Haunted School ,"Stine, R. L."
General,T69,The Headless Cupid,Zilpha Kealttey Snyder
General,T70,The Help ,Kathryn Stockett
General,T71,The Host: A Novel ,Stephenie Meyer 
General,T72,The House of Dies Drear ,Virginia Hamilton
General,T73,The House of the Scorpion ,Nancy Farmer
General,T74,The Indian in the Cupboard ,"Banks, Lynne Reid "
General,T75,The Isle of Masks ,Ulysses Moore
General,T76,The Janitor's Boy ,Andrew Clements
General,T77,The Journey ,Katheryn Lasky
General,T78,The Kid Who Ran for President ,"Gutman, Dan"
General,T79,The Kite Runner,Khaled Hosseini
General,T80,The Ladies of Grace Adieu and Other Stories ,"Clarke, Susanna"
General,T81,The Last Lecture ,Randy Pausch
General,T82,The Last Song ,Nicholas Sparks
General,T83,The Life You've Always Wanted: Spiritual Disciplines for Ordinary People ,John Ortberg
General,T84,The Litigators ,John Grisham
General,T85,The Little Prince,Antoine De Saint Exupery
General,T86,The Long-Lost Map ,Pierdomenico Baccalario
General,T87,The Lost Symbol ,Da Vinci Code
General,T88,The Mad Scientists' Secret,Marvin Miller
General,T89,The Magician,Michael Scott
General,T90,The Magician's Nephew ,C.S.Lewis
General,T91,The Martian ,Andy Weir
General,T92,The Middle Place ,Kelly Corrigan
General,T93,The Midwife's Apprentice ,Karen Cushman
General,T94,The Miraculous Journey of Edward Tulane ,Kate Dicamillo
General,T95,The Missing Monkey-eye Diamond ,Dave Keane 
General,T96,The Moves Make the Man ,Bruce Brooks
General,T97,The Mystery of the Cupboard ,Lynne Reid Banks 
General,T98,The Notebook,Nicholas Sparks
General,T99,The Old Man and the Sea,Ernest Hemingway
General,T100,The Opposite of Loneliness ,Marina Keegan
General,T101,The Outsiders ,S. E. Hinton
General,T102,The Path to Purpose: How Young People Find Their Calling in Life ,"Damon, William"
General,T103,"The Penderwicks: A Summer Tale of Four Sisters, Two Rabbits, and a Very Interesting Boy ",Jeanne Birdsall
General,T104,The Phantom Tollbooth ,"Juster, Norton"
General,T105,The Prince and the Pauper ,Mark Twain
General,T106,The Princess Diaries ,Meg Cabot
General,T107,"The Princess Tales, Volume 2 ",Gail Carson Levine
General,T108,The Racketeer ,John Grisham
General,T109,The Reader ,Bernhard Schlink
General,T110,The Reason I Jump : The Inner Voice of a Thirteen-Year-Old Boy with Autism ,Naoki Higashida
General,T111,The Return of the Indian ,Lynne Reid Banks 
General,T112,The Revenant : A Novel of Revenge ,Micael Punke
General,T113,The Ruby in the Smoke ,"Pullman, Philip"
General,T114,The Scarlet Letter ,Signet Classics 
General,T115,The Secret ,Rhonda Byrne
General,T116,The Shack,William P. Young
General,T117,The Sign of the Beaver ,Elizabeth George Speare 
General,T118,The Silver Crown ,"O'Brien, Robert C."
General,T119,The Silver Dream,"Gaiman, Neil/ Reaves, Michael/ Reaves, Mallory"
General,T120,The Silver Linings Playbook: A Novel ,Matthew Quick
General,T121,The Skull of Truth (School & Library),"Coville, Bruce"
General,T122,The Smurfs 2 Movie Novelization ,To Be Announced
General,T123,The Surrender Tree ,Margarita Engle
General,T124,The Sympathizer ,Viet Thanh Nguyen
General,T125,"The Tale of Despereaux : Being the Story of a Mouse, a Princess, Some Soup, and a Spool of Thread ",Kate Dicamillo
General,T126,The Target,David Baldacci
General,T127,The Thief ,Megan Whalen Turner
General,T128,The Three Musketeers ,Alexandre Dumas
General,T129,The Time Paradox ,"Colfer, Eoin"
General,T130,The Time Travelers ,Linda Buckley-archer
General,T131,The Tragedy of Romeo and Juliet ,Shakespeare
General,T132,The Trouble with May Amelia ,"Holm, Jennifer L."
General,T133,The True Confessions of Charlotte Doyle ,Avi
General,T134,The Trumpet of the Swan ,"E.B. 화이트 지음, 프레드 마르셀리노 그림"
General,T135,The Trumpeter of Krakow ,No input
General,T136,The Twenty One Ballons,William Pene Du Bois
General,T137,The Twits ,Roald Dahl
General,T138,The Upstairs Room ,Johanna Reiss
General,T139,The Voyage of the Frog ,"Paulsen, Gary"
General,T140,The Willoughbys ,"Lowry, Lois"
General,T141,The Winner Effect : The Science of Success and How to Use It ,Ian Robertson
General,T142,The Winner Stands Alone ,Paulo Coelho
General,T143,The Winter Room ,Gary Paulsen
General,T144,The Witch of Blackbird Pond ,"Speare, Elizabeth George "
General,T145,The Witches ,Roald Dahl
General,T146,The Woodshed Mystery ,"Warner, Gertrude Chandler"
General,T147,The Yearling ,Narhorie Kinnan Rawlings
General,T148,There's a Boy in the Girls' Bathroom ,Louis Sachar
General,T149,Thor: The Dark World ,Tomas Palacios
General,T150,Three Cups of Tea: One Man's Journey to Change the World... One Child at a Time,Greg Mortenson
General,T151,Through the Ever Night,"Rossi, Veronica"
General,T152,Time-travelling Cat and the Egyptian Goddess ,"Jarman, Julia"
General,T153,To Kill A  Mockingbird,Happer Lee
General,T154,Today's Embrace ,Linda Lee Chaikin
General,T155,"Too Good to Leave, Too Bad to Stay: A Step-By-Step Guide to Helping You Decide Whether to Stay in or Get Out of Your Relationship ","Kirshenbaum, Mira"
General,T156,Top Secret ,John Reynorlds Gardiner
General,T157,Torment,Lauren Kate
General,T158,Treasure Island ,Robert Louis Stevenson
General,T159,Tuck Everlasting,Natalie Babbitt
General,T160,Tuesdays With Morrie,Mitch Albom
General,T161,The 5 Love Languages,Gary Chapman
General,U1,Under the Never Sky,"Rossi, Veronica"
General,V1,Vampires Don't Wear Polka Dots ,"Debbie Dadey, Marcia Thornton Jones, John Steven G"
General,V2,Vanishing Girls,Lauren Oliver
General,W1,Wait for Me,Anna 
General,W2,Walk Two Moons,Sharon Creech
General,W3,Walk Two Moons ,Shron Creech
General,W4,Walls Within Walls ,Maureen Sherry
General,W5,Wayside School Gets a Little Stranger,Louis Sachar
General,W6,Wayside School Is Falling Down ,Louis Sachar
General,W7,What I Wish I Knew When I Was 20: A Crash Course on Making Your Place in the World ,Tina Seeling
General,W8,Where the Sidewalk Ends: Poems and Drawings ,Shel Silverstein
General,W9,Where Things Come Back ,John Corey Whaley
General,W10,Whispers at Moonrise ,C.C. Hunter
General,W11,Who Moved My Cheese?,Dr. Spencer Johnson
General,W12,Who Was Charles Darwin? ,Deborah Hopkinson
General,W13,Will You Be There,Guillaume Musso
General,W14,Willow Run ,"Giff, Patricia Reilly"
General,W15,Wizards Don't Wear Graduation Gowns ,Debbie Dadey 
General,W16,Wonder ,R.J.Palacio
General,W17,World War Z: An Oral History of the Zombie War ,Max Brooks
General,Y1,Yoga for People Who Can't Be Bothered to Do It ,Geoff Dyer
General,Y2,You Just Don't Understand: Women and Men in Conversation ,Deborah Tannen
General,Y3,Young Fu of the Upper Yangtze ,No input
Series,SS1,A Series of Unfortunate Events #1 : The Bad Beginning,Lemony Snicket
Series,SS2,A Series of Unfortunate Events #3 : The Wide Window,Lemony Snicket
Series,SS3,A Series of Unfortunate Events #7 : The Vile Village,Lemony Snicket
Series,SS4,A Series of Unfortunate Events #8 : The Hostile Hospital,Lemony Snicket
Series,SS5,A Series of Unfortunate Events #9 : The Carnivorous Carnival,Lemony Snicket
Series,SS6,A Series of Unfortunate Events #10 : The Slippery Slope,Lemony Snicket
Series,SS7,A Series of Unfortunate Events #11 : The Grim Grotto,Lemony Snicket
Series,SS8,A Series of Unfortunate Events #12 : The Penultimate Peril,Lemony Snicket
Series,SS9,A Song of Ice and Fire #1 : A Game of Thrones,George R. R. Martin
Series,SS10,A Song of Ice and Fire #2 : A Clash of Kings,George R. R. Martin
Series,SS11,A Song of Ice and Fire #3 : A Storm of Swords,George R. R. Martin
Series,SS12,A Song of Ice and Fire #4 : A Feast for Crows,George R. R. Martin
Series,SS13,A Song of Ice and Fire #5 : A dance with Dragons,George R. R. Martin
Series,SS14,Alex Rider #1 : Stormbreaker,Anthony Horowitz
Series,SS15,Alex Rider #2 : Point Blanc,Anthony Horowitz
Series,SS16,Alex Rider #3 : Skeleton Key,Anthony Horowitz
Series,SS17,Alex Rider #4 : Eagle Strike ,Anthony Horowitz
Series,SS18,Alex Rider #5 : Scorpia,Anthony Horowitz
Series,SS19,Alex Rider #6 : Ark Angel,Anthony Horowitz
Series,SS20,Alex Rider #7 : Snakehead,Anthony Horowitz
Series,SS21,Alex Rider #8 : Crocodile Tears,Anthony Horowitz
Series,SS22,Alex Rider #9 : Scorpia Rising,Anthony Horowitz
Series,SS23,"Classic Starts : 20,000 Leagues Under the Sea",Jules Verne 
Series,SS24,Classic Starts : A Little Princess,Frances Hodgson Burnett
Series,SS25,Classic Starts : Alice in Wonderland & Through the Looking -Glass,Lewis Carroll 
Series,SS26,Classic Starts : Black Beauty,Anna Sewell 
Series,SS27,Classic Starts : Frankenstein,Mary Shelley
Series,SS28,Classic Starts : Heidi ,Johanna Spyri
Series,SS29,Classic Starts : Little Women,Louisa May Alcott
Series,SS30,Classic Starts : Pollyanna,Eleanor H. Porter
Series,SS31,Classic Starts : The Adventures of Sherlock Holmes,Sir Arthur Conan Doyle
Series,SS32,Classic Starts : The Adventures of Tom Sawyer,Mark Twain
Series,SS33,Classic Starts : The Call of the Wild ,Jack London
Series,SS34,Classic Starts : The Red Badge of courage,Stephen Crane
Series,SS35,Classic Starts : The Secret Garden,Frances Hodgson Burnett
Series,SS36,Classic Starts : The Story of KingArthur and His Knights,Howard Pyle 
Series,SS37,Classic Starts : White Fang,Jack London
Series,SS38,Fifty Shades #1 : Fifty Shades of Grey,E. L. James
Series,SS39,Fifty Shades #2 : Fifty Shades Darker,E. L. James
Series,SS40,Fifty Shades #3 : Fifty Shades Freed,E. L. James
Series,SS41,Harry Potter #1 : The Sorcerer's Stone,J. L. Rowling
Series,SS42,Harry Potter #2 : The Chamber of Secrets,J. L. Rowling
Series,SS43,Harry Potter #3 : The prisoner of Azkaban,J. L. Rowling
Series,SS44,Harry Potter #4 : The goblet of Fire,J. L. Rowling
Series,SS45,Harry Potter #5 : The Order of the phoenix,J. L. Rowling
Series,SS46,Harry Potter #6 : The Half-blood prince,J. L. Rowling
Series,SS47,Harry Potter #7 : The Deathly Hallows,J. L. Rowling
Series,SS48,Heroes of Olympus #1 : The Lost Hero,Rick Riordan
Series,SS49,Heroes of Olympus #2 : The Son of Neptune,Rick Riordan
Series,SS50,Heroes of Olympus #3 : The Mark of Athena,Rick Riordan
Series,SS51,Heroes of Olympus #4 : The House of Hades,Rick Riordan
Series,SS52,Heroes of Olympus #5 : The Blood of Olympus,Rick Riordan
Series,SS53,Iliad and Odyssey #1 : The Iliad,Robert Fagles
Series,SS54,Iliad and Odyssey #2 : The Odyssey,Robert Fagles
Series,SS55,Legend Trilogy #1 : Legend,Marie Lu
Series,SS56,Legend Trilogy #2 : Prodigy,Marie Lu
Series,SS57,Legend Trilogy #3 : Champion,Marie Lu
Series,SS57-2,Legend Triology #4: Life before Legend,Marie Lu
Series,SS58,Magic Tree House #1 : Dinosaurs Before Dark,Mary Pope Osborne
Series,SS59,Magic Tree House #2 : The Knight at Dawn,Mary Pope Osborne
Series,SS60,Magic Tree House #3 : Mummies in the Morning,Mary Pope Osborne
Series,SS61,Magic Tree House #5 : Night of the Ninjas,Mary Pope Osborne
Series,SS62,Magic Tree House #6 : Afternoon on the Amazon,Mary Pope Osborne
Series,SS63,Magic Tree House #7 : Sunset of the Sabertooth,Mary Pope Osborne
Series,SS64,Magic Tree House #8 : Midnight on the Moon,Mary Pope Osborne
Series,SS65,Magic Tree House #9 : Dolphins at Daybreak,Mary Pope Osborne
Series,SS66,Magic Tree House #10 : Ghost Town at Sundown,Mary Pope Osborne
Series,SS67,Magic Tree House #12 : Polar Bears Past Bedtime,Mary Pope Osborne
Series,SS68,Magic Tree House #13 : Vacation under the Volcano,Mary Pope Osborne
Series,SS69,Magic Tree House #14 : Day of the Dragon King,Mary Pope Osborne
Series,SS70,Magic Tree House #15 : Viking Ships at Sunrise,Mary Pope Osborne
Series,SS71,Magic Tree House #16 : Hour of the Olympics,Mary Pope Osborne
Series,SS72,Magic Tree House #17 : Tonight on the Titanic,Mary Pope Osborne
Series,SS73,Magic Tree House #18 : Buffalo before Breakfast,Mary Pope Osborne
Series,SS74,Magic Tree House #19 : Tigers at Twilight,Mary Pope Osborne
Series,SS75,Magic Tree House #21 : Civil War on Sunday,Mary Pope Osborne
Series,SS76,Magic Tree House #22 : Revolutionary War on Wednesday,Mary Pope Osborne
Series,SS77,Magic Tree House #25 : Stage Fright on a Summer Night,Mary Pope Osborne
Series,SS78,"Magic Tree House #26 : Good Morning, Gorillas",Mary Pope Osborne
Series,SS79,Magic Tree House #27 : Thanksgiving on Thursday,Mary Pope Osborne
Series,SS80,Magic Tree House #28 : High Tide in Hawaii,Mary Pope Osborne
Series,SS81,Magic Tree House  #32 : Winter of the Ice Wizard,Mary Pope Osborne
Series,SS82,Magic Tree House  #33 : Carnival at Candelight,Mary Pope Osborne
Series,SS83,Magic Tree House  #34 : Season of the Sandstorms,Mary Pope Osborne
Series,SS84,Magic Tree House   #35 : Night of the New Magicians,Mary Pope Osborne
Series,SS85,Magic Tree House   #36 : Blizzard of the Blue Moon,Mary Pope Osborne
Series,SS86,Magic Tree House   #37 : Dragon of the Red Dawn,Mary Pope Osborne
Series,SS87,Magic Tree House   #38 : Monday with a Mad Genius,Mary Pope Osborne
Series,SS88,Magic Tree House   #39 : Dark Day in the Deep Sea,Mary Pope Osborne
Series,SS89,Magic Tree House   #40 : Eve of the Emperor Penguin,Mary Pope Osborne
Series,SS90,Magic Tree House   #41 : Moonlight on the Magic Flute,Mary Pope Osborne
Series,SS91,Magic Tree House   #42 : A Good Night for Ghosts,Mary Pope Osborne
Series,SS92,Magic Tree House   #43 : Leprechaun in Late Winter,Mary Pope Osborne
Series,SS93,Magic Tree House   #45 : A Crazy Day with Cobras,Mary Pope Osborne
Series,SS94,Magic Tree House   #47 : Abe Lincoln at Last!,Mary Pope Osborne
Series,SS95,Magic Tree House   #48 : A Perfect Time for Pandas,Mary Pope Osborne
Series,SS96,Magic Tree House (Non Fiction) #1 : Dinosaurs,Will Osborne & Mary Pope Osborne
Series,SS97,Magic Tree House (Non Fiction) #2 : Knights and Castles,Will Osborne & Mary Pope Osborne
Series,SS98,Magic Tree House (Non Fiction) #3 : Ancient Rome and Pompeii,Will Osborne & Mary Pope Osborne
Series,SS99,Magic Tree House (Non Fiction) #4 : American Revolution,Will Osborne & Mary Pope Osborne
Series,SS100,Magic Tree House (Non Fiction) #5 : Sea Monsters,Will Osborne & Mary Pope Osborne
Series,SS101,Magic Tree House (Non Fiction) #6 : Ancient Greece and the Olympics,Will Osborne & Mary Pope Osborne
Series,SS102,Magic Tree House (Non Fiction) #7 : Dolphins and Sharks,Will Osborne & Mary Pope Osborne
Series,SS103,Magic Tree House (Non Fiction) #8 : Pirates,Will Osborne & Mary Pope Osborne
Series,SS104,Magic Tree House (Non Fiction) #9 : Space,Will Osborne & Mary Pope Osborne
Series,SS105,Millennium #1 : The Girl with the Dragon Tatto,Stieg Larsson
Series,SS106,Millennium #2 : The Girl Who Played with Fire,Stieg Larsson
Series,SS107,Millennium #3 : The Girl Who Kicked the Hornet's Nest,Stieg Larsson
Series,SS108,Percy Jackson and the Olympians #1 : The Lightning Thief,Rick Riordan
Series,SS109,Percy Jackson and the Olympians #2 : The Sea of Monsters,Rick Riordan
Series,SS110,Percy Jackson and the Olympians #3 : The Titan's Curse,Rick Riordan
Series,SS111,Percy Jackson and the Olympians #4 : The Battle of the Labyrinth,Rick Riordan
Series,SS111-2,Percy Jackson and the Olympians #5 : The Last Olympian,Rick Riordan
Series,SS112,Septimus Heap #1: Magyk ,Angie Sage 
Series,SS113,Septimus Heap #2 : Flyte,Angie Sage 
Series,SS114,Septimus Heap #3: Physik ,Angie Sage 
Series,SS115,Septimus Heap #4 : Queste ,Angie Sage 
Series,SS116,Septimus Heap #5 : Syren,Angie Sage 
Series,SS117,Septimus Heap #6: Darke ,Angie Sage 
Series,SS118,Septimus Heap #7 : Fyre ,Angie Sage 
Series,SS119,"Septimus Heap #8 : Todhunter Moon, Book One : Pathfinder ",Angie Sage 
Series,SS120,Shopaholic #1 : Confessions of a Shopaholic,Sophie Kinsella
Series,SS121,Shopaholic #2 : Shopaholic Ties the Knot,Sophie Kinsella
Series,SS122,Shopaholic #3 : Shopaholic & Baby,Sophie Kinsella
Series,SS123,Shopaholic #4 : Shopaholic Takes Manhattan,Sophie Kinsella
Series,SS124,The 39 Clues #1 : The Maze of Bones,Rick Riordan
Series,SS125,The 39 Clues #2 : One False Note,Gordon Korman
Series,SS126,The 39 Clues #3 : The Sword Thief,Peter Lerangis
Series,SS127,The 39 Clues #4 : Beyond the grave,Jude Watson
Series,SS128,The 39 Clues #5 : The Black Circle,Patrick Carman
Series,SS129,The 39 Clues #6 : In Too Deep,Jude Watson
Series,SS130,The 39 Clues #7 : The Viper's Nest,Peter Lerangis
Series,SS131,The 39 Clues #8 : The Emperor's Code,Gordon Korman
Series,SS132,The 39 Clues #9 : Strom Warning,Linda Sue Park
Series,SS133,The 39 Clues #10 : Into the Gauntlet,Margaret Peterson Haddix
Series,SS134,The 39 Clues #11 : Vespers Rising,"Rick Riordan, Peter Lerangis, Gordon Korman , Jude Watson"
Series,SS135,The 39 Clues Cahills vs Vespers #1 : The Medusa Plot,Gordon Korman
Series,SS136,The 39 Clues Cahills vs Vespers #2 : A King's Ransom,Jude Watson
Series,SS137,The 39 Clues Cahills vs Vespers #3 : The Dead of Night,Peter Lerangis
Series,SS138,The 39 Clues Cahills vs Vespers #4 : Shatterproof,Roland Smith
Series,SS139,The 39 Clues Cahills vs Vespers #5 : Trust No One,Linda Sue Park
Series,SS140,The 39 Clues Cahills vs Vespers #6 : Day of Doom,David Baldacci
Series,SS141,The Adventures of Tintin : Babar at Home,No input
Series,SS142,The Adventures of Tintin : Cigars of the Pharaoh,No input
Series,SS143,The Adventures of Tintin : Flight 714 to Sydney,No input
Series,SS144,The Adventures of Tintin : King Ottokar's Sceptre,No input
Series,SS145,The Adventures of Tintin : Prisoners of the Sun,No input
Series,SS146,The Adventures of Tintin : Red Rackham's Treasure,No input
Series,SS147,The Adventures of Tintin : The Blue Lotus,No input
Series,SS148,The Adventures of Tintin : The Broken Ear,No input
Series,SS149,The Adventures of Tintin : The Castaflore Emerald,No input
Series,SS150,The Adventures of Tintin : The Secret of the Unicorn,No input
Series,SS151,The Adventures of Tintin : The seven crystal Balls,Herge
Series,SS152,The Adventures of Tintin : The Shooting Star,No input
Series,SS153,The Adventures of Tintin : The Storty of Babar ,No input
Series,SS154,The Adventures of Tintin : Tintin in America,No input
Series,SS155,The Adventures of Tintin : Tintin in Tibet,No input
Series,SS156,The Chronicles of Narnia #1 : The Magician's nephew,C.S. Lewis
Series,SS157,"The Chronicles of Narnia #2 : The Lion, the Witch and the Wardrobe",C.S. Lewis
Series,SS158,The Chronicles of Narnia #3 : The Horse and His Boy,C.S. Lewis
Series,SS159,The Chronicles of Narnia #4 : Prince Caspian,C.S. Lewis
Series,SS160,The Chronicles of Narnia #5 : The Voyage of the Dawn Treader,C.S. Lewis
Series,SS161,The Chronicles of Narnia #6 : The Silver Chair,C.S. Lewis
Series,SS162,The Chronicles of Narnia #7 : The Last Battle,C.S. Lewis
Series,SS163,The Enchanted Forest Chronicles #1 : Dealing with Dragons,Patricia C. Wrede
Series,SS164,The Enchanted Forest Chronicles #2 : Searching for Dragons,Patricia C. Wrede
Series,SS165,The Enchanted Forest Chronicles #3 : Calling on Dragons,Patricia C. Wrede
Series,SS166,The Enchanted Forest Chronicles #4 : Talking to Dragons,Patricia C. Wrede
Series,SS167,The Hunger Games #1 : The Hunger Games,Suzanne Collins
Series,SS168,The Hunger Games #2 : Catching Fire,Suzanne Collins
Series,SS169,The Hunger Games #3 : Mockingjay,Suzanne Collins
Series,SS170,The Infernal Devices #1 : Clockwork Angel,Cassandra Clare
Series,SS171,The Infernal Devices #2 : Clockwork Prince,Cassandra Clare
Series,SS172,The Infernal Devices #3 : Clockwork Princess,Cassandra Clare
Series,SS173,The Land of Stories #1 : The Wishing Spell,Chris Colfer
Series,SS174,The Land of Stories #2 : The Enchantress Returns,Chris Colfer
Series,SS175,The Land of Stories #3 : A Grimm Warning,Chris Colfer
Series,SS176,The Land of Stories #4 : Beyond the Kingdoms,Chris Colfer
Series,SS177,The Land of Stories #5 : An Author's Odyssey,Chris Colfer
Series,SS178,The Land of Stories #6 : Worlds Collide,Chris Colfer
Series,SS179,The Lord of the Rings #0 : Hobbit,No input
Series,SS180,The Lord of the Rings #1 : The Fellowship of the Ring,J.R.R. Tolkien
Series,SS181,The Lord of the Rings #2 : The Two Towers,J.R.R. Tolkien
Series,SS182,The Lord of the Rings #3 : The Return of the King,J.R.R. Tolkien
Series,SS183,The Maze Runner Series #1 : The Maze Runner,James Dashner
Series,SS184,The Maze Runner Series #2 : The Scorch Trials,James Dashner
Series,SS185,The Maze Runner Series #3 : The Death Cure,James Dashner
Series,SS186,The Maze Runner Series #4 : The Kill Order,James Dashner
Series,SS187,The Mysterious Benedict Society #1 : The Mysterious Benedict Society,Trenton Lee Stewart
Series,SS188,The Mysterious Benedict Society #2 : The Perilous Journey,Trenton Lee Stewart
Series,SS189,The Mysterious Benedict Society #3 : The Prisoner's Dilemma,Trenton Lee Stewart
Series,SS190,The Mysterious Benedict Society #5 : The extraordinary Education of Nicholas Benedict,Trenton Lee Stewart
Series,SS191,The Secrets of Droon #2 : Journey to the Volcano Palace,Tony Abbott
Series,SS192,The Secrets of Droon #3 : The Mysterious Island,Tony Abbott
Series,SS193,The Secrets of Droon #4 : City in the Clouds,Tony Abbott
Series,SS194,The Secrets of Droon #6 : The Sleeping Giant of Goll,Tony Abbott
Series,SS195,The Secrets of Droon #8 : The Golden Wasp,Tony Abbott
Series,SS196,The Secrets of Droon #17 : Dream Thief,Tony Abbott
Series,SS197,The Secrets of Droon #20 : In the Ice Caves of Krog,Tony Abbott
Series,SS198,The Secrets of Droon #21 : Flight of the Genie,Tony Abbott
Series,SS199,The Selection #1 : The Selection,Kiera Cass
Series,SS200,The Selection #2 : The Elite,Kiera Cass
Series,SS201,The Selection #3 : The One,Kiera Cass
Series,SS202,The Selection #4 : The Heir,Kiera Cass
Series,SS203,The Shadow Children #1 : Among the Hidden,Margaret Peterson Haddix
Series,SS204,The Shadow Children #2 : Among the Impostors,Margaret Peterson Haddix
Series,SS205,The Shadow Children #3 : Among the Betrayed,Margaret Peterson Haddix
Series,SS206,The Shadow Children #4 : Among the Barons,Margaret Peterson Haddix
Series,SS207,The Shadow Children #5 : Among the Brave,Margaret Peterson Haddix
Series,SS208,The Shadow Children #6 : Among the Enemy,Margaret Peterson Haddix
Series,SS209,The Shadow Children #7 : Among the Free,Margaret Peterson Haddix
Series,SS210,The Sherlock Holmes #1 : The Five Orange Pips and Other Cases,Arthur Conan Doyle
Series,SS211,The Sherlock Holmes #2 : The Hound of the Baskervilles,Arthur Conan Doyle
Series,SS212,The Sherlock Holmes #3 : The Sign of Four,Arthur Conan Doyle
Series,SS213,The Sherlock Holmes #4 : The Adventure of the Engineer's Thumb and Other Cases,Arthur Conan Doyle
Series,SS214,The Sherlock Holmes #5 : A Study in Scarlet,Arthur Conan Doyle
Series,SS215,The Sherlock Holmes #6 : The Adventure of the Six Napoleons and Other Cases,Arthur Conan Doyle
Series,SS216,The Sherlock Holmes #7 : The Valley of Fear,Arthur Conan Doyle
Series,SS217,The Silverwing Collection #1 : Silverwing,Kenneth Oppel
Series,SS218,The Silverwing Collection #2 : Sunwing,Kenneth Oppel
Series,SS219,The Silverwing Collection #3 : Firewing,Kenneth Oppel
Series,SS220,"The Story of the World Volume 1 : Ancient Times (Paperback, Revised Editon)",Susan Wise Bauer
Series,SS221,"The Story of the World Volume 2 : The Middle Ages (Paperback, Revised Edition)",Susan Wise Bauer
Series,SS222,The Story of the World Volume 3 : Early Modern Times ,Susan Wise Bauer
Series,SS223,The Story of the World Volume 4 : Modern Age ,Susan Wise Bauer
Series,SS224,The Wizard Of Oz Collection #1 : The Wonderful Wizard of Oz,L. Frank Baum
Series,SS225,The Wizard Of Oz Collection #2 : The Marvellous Land of Oz,L. Frank Baum
Series,SS226,The Wizard Of Oz Collection #3 : Ozma of Oz,L. Frank Baum
Series,SS227,The Wizard Of Oz Collection #4 : Dorothy and the Wizard in Oz,L. Frank Baum
Series,SS228,The Wizard Of Oz Collection #5 : The Road to Oz,L. Frank Baum
Series,SS229,The Wizard Of Oz Collection #6 : The Emerald City of Oz,L. Frank Baum
Series,SS230,The Wizard Of Oz Collection #7 : The Patchwork Girl of Oz,L. Frank Baum
Series,SS231,The Wizard Of Oz Collection #8 : Tik-tok of Oz,L. Frank Baum
Series,SS232,The Wizard Of Oz Collection #9 : The Scarecrow of Oz,L. Frank Baum
Series,SS233,The Wizard Of Oz Collection #10 : Rinkitink in Oz,L. Frank Baum
Series,SS234,The Wizard Of Oz Collection #11 : The Lost Princess of Oz,L. Frank Baum
Series,SS235,The Wizard Of Oz Collection #12 : The Tin Woodman of Oz,L. Frank Baum
Series,SS236,The Wizard Of Oz Collection #13 : The Magic of Oz,L. Frank Baum
Series,SS237,The Wizard Of Oz Collection #14 : Glinda of Oz,L. Frank Baum
Series,SS238,The Wizard Of Oz Collection #15 : The Royal Book of Oz,L. Frank Baum
Series,SS239,The Wrinkle in Time #1 : A Wrinkle in Time,Madeleine L'engle
Series,SS240,The Wrinkle in Time #2 : A Wind in the Door,Madeleine L'engle
Series,SS241,The Wrinkle in Time #3 : A Swifrly Tilting Planet,Madeleine L'engle
Series,SS242,The Wrinkle in Time #4 : Many Waters,Madeleine L'engle
Series,SS243,The Wrinkle in Time #5 : An Acceptable Time,Madeleine L'engle
Series,SS244,Vampire Academy #1 : Vampire Academy,Richelle Mead
Series,SS245,Vampire Academy #2 : Frost Bite,Richelle Mead
Series,SS246,Vampire Academy #3 : Shadow Kiss,Richelle Mead
Series,SS247,Vampire Academy #4 : Blood Promise,Richelle Mead
Series,SS248,Vampire Academy #5 : Spirit Bound,Richelle Mead
Series,SS249,Vampire Academy #6 : Last sacrifice,Richelle Mead
Series,SS250,Warriors : The Prophecies Begin #1 : Into the Wild,Erin Hunter
Series,SS251,Warriors : The Prophecies Begin #2 : Fire and Ice,Erin Hunter
Series,SS252,Warriors : The Prophecies Begin #3 : Forest of Secrets,Erin Hunter
Series,SS253,Warriors : The Prophecies Begin #4 : Rising Storm,Erin Hunter
Series,SS254,Warriors : The Prophecies Begin #5 : A Dangerous Path,Erin Hunter
Series,SS255,Warriors : The Prophecies Begin #6 : The Darkest Hour,Erin Hunter
Series,SS256,After you series #1 : After you,Jojo moyes
Series,SS257,After you series #2: Me Before You ,Jojo moyes
Series,SS258,Divergent series #1 : Divergent,Veronica Roth
Series,SS259,Divergent series #2: Insurgent ,Veronica Roth
Series,SS260,Divergent series #3: Allegiant ,Veronica Roth
Series,SS261,Pretties series #1 : Pretties,Scott Westerfeld
Series,SS262,Pretties series #2 : Uglies ,Scott Westerfeld
Series,SS263,Pretties series #3: Specials ,Scott Westerfeld
